Date,Subways: Total Estimated Ridership,Subways: % Change From Pre-Pandemic Equivalent Day,Buses: Total Estimated Ridership,Buses: % Change From Pre-Pandemic Equivalent Day,LIRR: Total Estimated Ridership,LIRR: % Change From 2019 Monthly Weekday/Saturday/Sunday Average,Metro-North: Total Estimated Ridership,Metro-North: % Change From 2019 Monthly Weekday/Saturday/Sunday Average,Access-A-Ride: Total Scheduled Trips,Access-A-Ride: % Change From Pre-Pandemic Equivalent Day,Bridges and Tunnels: Total Traffic,Bridges and Tunnels: % Change From Pre-Pandemic Equivalent Day
11/2/2021,2847722,-48.6%,1129948,-46.3%,147800,-49%,129300,-50%,22016,-27.8%,853432,-4.3%
11/1/2021,3035837,-47.9%,1401001,-39.4%,158400,-46%,131300,-51%,21387,-29.0%,898451,-2.2%
10/31/2021,1746744,-39.3%,649187,-34.5%,68700,-27%,66300,-18%,12233,-27.6%,824978,6.2%
10/30/2021,2044386,-39.0%,815199,-41.2%,76500,-32%,69300,-28%,12642,-30.6%,854656,-7.7%
10/29/2021,3256051,-45.3%,1418435,-37.3%,153300,-49%,122600,-54%,22477,-25.7%,963442,-2.8%
10/28/2021,3373245,-41.6%,1509836,-30.5%,159600,-45%,132200,-49%,24814,-14.5%,959835,8.3%
10/27/2021,3307363,-45.1%,1499669,-36.4%,155900,-46%,129900,-50%,24144,-24.8%,914494,-1.2%
10/26/2021,2707803,-54.7%,1231524,-47.0%,130100,-55%,104500,-60%,21220,-31.8%,738636,-19.1%
10/25/2021,3001841,-47.9%,1460382,-37.0%,158300,-46%,125800,-53%,21724,-24.8%,883887,-3.3%
10/24/2021,1601810,-27.3%,659161,-24.4%,69600,-26%,68200,-15%,12314,-28.1%,883371,13.7%
10/23/2021,2079695,-37.7%,846978,-39.4%,74700,-34%,82900,-14%,13556,-24.0%,914737,-3.9%
10/22/2021,3232067,-45.3%,1471052,-35.9%,145800,-51%,126600,-53%,22843,-24.3%,986548,-2.0%
10/21/2021,3275163,-46.5%,1476381,-38.0%,149900,-48%,127300,-51%,24007,-25.2%,948652,-3.7%
10/20/2021,3241475,-46.5%,1525608,-36.4%,155200,-46%,131100,-49%,24474,-25.3%,916246,-3.1%
10/19/2021,3185458,-45.1%,1510722,-33.3%,153400,-47%,130000,-50%,23403,-22.0%,899389,2.8%
10/18/2021,2989693,-47.3%,1461843,-36.2%,153700,-47%,127400,-52%,21454,-21.9%,889996,1.8%
10/17/2021,1631844,-33.0%,663944,-32.2%,74800,-20%,69700,-13%,12564,-32.6%,891527,6.9%
10/16/2021,2044396,-39.2%,856990,-38.0%,83400,-26%,74900,-22%,13307,-24.7%,896392,-6.1%
10/15/2021,3233854,-46.1%,1491099,-34.7%,150900,-50%,124700,-54%,23251,-22.8%,990940,-3.7%
10/14/2021,3248072,-46.6%,1527543,-34.0%,154600,-46%,126800,-51%,24144,-23.0%,952876,-1.7%
10/13/2021,3164655,-45.9%,1511356,-31.1%,151300,-47%,124800,-52%,24396,-21.6%,907632,-0.2%
10/12/2021,3110171,-47.1%,1514608,-35.6%,154600,-46%,128200,-51%,23848,-21.3%,910639,-0.4%
10/11/2021,2267498,-46.8%,1045865,-36.0%,131700,-55%,114500,-57%,16917,-11.1%,878443,2.9%
10/10/2021,1499551,-43.6%,601821,-44.2%,65600,-30%,59000,-27%,11794,-36.2%,806025,-10.0%
10/9/2021,2052746,-37.2%,856308,-37.9%,84600,-25%,82000,-15%,13634,-22.1%,919384,-2.2%
10/8/2021,3175133,-45.9%,1473912,-35.4%,153800,-49%,123600,-54%,23356,-21.7%,1001210,-3.0%
10/7/2021,3198045,-47.1%,1523168,-35.8%,150100,-48%,121400,-53%,24571,-21.9%,951212,-2.1%
10/6/2021,3147958,-47.1%,1532668,-36.6%,149600,-48%,123100,-52%,24678,-20.5%,913993,-1.3%
10/5/2021,3098187,-45.9%,1499767,-35.0%,150200,-48%,124700,-52%,23644,-22.2%,887129,1.0%
10/4/2021,2870940,-49.8%,1419155,-39.6%,152600,-47%,121300,-54%,21794,-25.2%,871945,-3.6%
10/3/2021,1577642,-37.4%,673253,-37.4%,74900,-20%,66800,-17%,12936,-32.8%,887540,2.0%
10/2/2021,2066222,-38.1%,883902,-37.2%,86600,-23%,80900,-16%,14145,-20.2%,923455,-1.3%
10/1/2021,3169206,-47.2%,1492942,-36.0%,140000,-53%,116200,-57%,23098,-22.7%,985786,-1.9%
9/30/2021,3153965,-47.6%,1516081,-34.3%,144800,-50%,121800,-53%,23555,-25.4%,953501,1.8%
9/29/2021,3070509,-48.4%,1513184,-37.4%,137500,-52%,120000,-54%,23323,-24.9%,886785,-4.2%
9/28/2021,2934542,-51.2%,1457421,-38.9%,141200,-51%,118300,-55%,21727,-27.8%,831192,-9.9%
9/27/2021,2880083,-50.0%,1489441,-36.4%,146200,-50%,121500,-54%,21209,-24.3%,881116,-4.6%
9/26/2021,1616915,-36.3%,657257,-39.9%,80100,-14%,64900,-19%,12034,-35.7%,895286,-2.5%
9/25/2021,2132211,-33.6%,872490,-37.4%,88500,-22%,81300,-16%,13909,-18.3%,953628,-1.8%
9/24/2021,3128041,-46.9%,1469705,-36.3%,142800,-52%,116700,-57%,21941,-23.5%,986694,-3.4%
9/23/2021,3022830,-50.2%,1483075,-37.4%,140100,-51%,115500,-56%,23031,-24.7%,915198,-6.0%
9/22/2021,3027925,-50.1%,1506211,-37.3%,139900,-51%,120100,-54%,23157,-27.2%,872883,-7.9%
9/21/2021,3025310,-49.7%,1505803,-36.8%,142700,-51%,123900,-52%,22399,-25.5%,860050,-6.8%
9/20/2021,2889759,-49.8%,1481676,-36.8%,148100,-49%,122100,-54%,21889,-21.9%,895109,-3.0%
9/19/2021,1598720,-38.9%,674024,-39.8%,69400,-26%,64100,-20%,12612,-32.6%,914623,-2.1%
9/18/2021,2017430,-39.3%,871175,-38.9%,77300,-31%,76300,-21%,14054,-20.5%,949178,-2.5%
9/17/2021,3034676,-49.3%,1456201,-37.4%,142100,-53%,119300,-56%,23282,-19.3%,982085,-3.2%
9/16/2021,2539853,-57.9%,1210069,-50.0%,128000,-56%,107700,-59%,20826,-32.8%,864413,-11.8%
9/15/2021,2993744,-50.1%,1503627,-38.2%,139900,-51%,116400,-55%,23966,-25.4%,904733,-4.2%
9/14/2021,3017947,-49.4%,1511145,-37.6%,144900,-50%,120500,-54%,23132,-24.7%,908024,-2.5%
9/13/2021,2858929,-49.7%,1441516,-39.1%,147800,-49%,122500,-54%,21898,-22.5%,914827,-1.5%
9/12/2021,1591655,-37.9%,694561,-37.4%,77000,-18%,59000,-27%,12239,-33.8%,899864,-2.1%
9/11/2021,1985273,-36.7%,870791,-37.1%,82200,-27%,65300,-32%,13070,-22.6%,917704,-2.3%
9/10/2021,2845820,-51.6%,1322430,-43.6%,150900,-50%,113500,-58%,23037,-21.9%,995486,-2.0%
9/9/2021,2708091,-54.5%,1249341,-48.0%,139500,-52%,111700,-57%,23653,-23.9%,911040,-6.2%
9/8/2021,2534847,-54.0%,1192895,-45.3%,135700,-53%,110900,-57%,22354,-26.6%,896020,-4.4%
9/7/2021,2238469,-57.9%,1102372,-48.1%,137600,-52%,113700,-56%,21143,-26.2%,902400,-5.2%
9/6/2021,1523354,-31.7%,733947,-22.6%,77900,-17%,51300,-81%,10077,5.5%,812884,9.6%
9/5/2021,1416893,-43.2%,618622,-42.9%,71000,-24%,45200,-44%,11931,-36.3%,832200,-7.2%
9/4/2021,1779743,-39.0%,834456,-37.7%,84800,-25%,57100,-41%,13382,-18.2%,927358,-1.5%
9/3/2021,2394842,-51.2%,1221668,-39.0%,139800,-53%,97900,-64%,22585,-15.5%,1014806,-1.9%
9/2/2021,1664178,-68.5%,1188941,-43.0%,105600,-63%,N/A,N/A,21179,-24.2%,851145,-16.7%
9/1/2021,2298999,-55.8%,1086148,-46.3%,118400,-59%,90600,-65%,20878,-28.1%,811053,-14.2%
8/31/2021,2537974,-51.3%,1246463,-39.4%,133600,-54%,99900,-62%,22724,-19.4%,936181,-0.5%
8/30/2021,2325695,-52.3%,1182908,-39.0%,131600,-55%,97100,-63%,19224,-24.3%,911105,-1.6%
8/29/2021,1400642,-43.9%,630281,-41.8%,68800,-26%,54100,-33%,11558,-38.3%,890505,-0.7%
8/28/2021,1661095,-43.0%,776489,-42.0%,69000,-39%,56200,-42%,12760,-22.0%,890293,-5.4%
8/27/2021,2392602,-51.3%,1147249,-42.7%,119700,-60%,90500,-66%,21211,-20.6%,973335,-5.9%
8/26/2021,2485132,-52.9%,1222996,-41.3%,122100,-58%,91000,-65%,22068,-21.1%,950534,-6.9%
8/25/2021,2503420,-51.8%,1236342,-38.9%,127400,-56%,93300,-64%,23351,-19.6%,957036,1.3%
8/24/2021,2467406,-52.7%,1234884,-40.0%,130600,-55%,98300,-62%,22679,-19.6%,942935,0.2%
8/23/2021,2056731,-57.8%,1032792,-46.7%,110000,-62%,84200,-68%,18809,-25.9%,821654,-11.2%
8/22/2021,745800,-68.0%,369246,-66.5%,27500,-71%,16100,-80%,7979,-55.0%,489334,-47.3%
8/21/2021,1716439,-40.8%,822340,-40.3%,72800,-35%,62000,-36%,13046,-21.0%,941331,-4.4%
8/20/2021,2460924,-49.6%,1183308,-37.7%,124600,-58%,99500,-63%,21451,-20.7%,969814,-4.2%
8/19/2021,2444495,-52.1%,1194375,-39.9%,117400,-59%,93000,-64%,21838,-22.8%,939085,-5.8%
8/18/2021,2450516,-51.7%,1210760,-38.8%,117200,-59%,97900,-62%,22715,-22.1%,917872,-3.6%
8/17/2021,2432692,-52.4%,1209633,-39.9%,120700,-58%,103600,-60%,22245,-21.5%,909180,-4.5%
8/16/2021,2292396,-52.5%,1170216,-39.0%,123900,-57%,100300,-62%,20087,-22.7%,910779,-3.2%
8/15/2021,1430620,-37.1%,661705,-39.2%,73000,-22%,54400,-32%,12395,-30.9%,918288,0.7%
8/14/2021,1718222,-40.0%,811826,-41.3%,75700,-33%,57700,-40%,13157,-20.7%,904780,-4.5%
8/13/2021,2434624,-51.5%,1189426,-39.9%,123800,-59%,91900,-66%,21336,-21.2%,973883,-3.4%
8/12/2021,2453353,-53.9%,1223666,-40.4%,119700,-58%,90800,-65%,22427,-22.1%,965578,-3.2%
8/11/2021,2480877,-52.7%,1246306,-38.5%,119700,-58%,94700,-63%,23338,-22.2%,931264,-1.7%
8/10/2021,2447231,-52.4%,1245670,-36.9%,122500,-58%,95300,-63%,23079,-18.2%,905508,-0.1%
8/9/2021,2294279,-54.4%,1183050,-40.5%,109900,-62%,95600,-64%,20540,-21.6%,891525,-5.8%
8/8/2021,1333885,-46.2%,598574,-45.6%,61100,-35%,54300,-32%,11934,-33.0%,843489,-7.8%
8/7/2021,1780458,-41.1%,836715,-39.3%,76800,-32%,67300,-30%,14108,-17.0%,923751,-5.6%
8/6/2021,2523944,-51.2%,1222343,-39.3%,123200,-59%,101200,-62%,22179,-19.0%,979833,-4.2%
8/5/2021,2534287,-53.4%,1259332,-40.1%,120000,-58%,98300,-62%,22610,-22.2%,956306,-4.4%
8/4/2021,2534018,-51.8%,1257876,-36.8%,123700,-57%,99300,-62%,23611,-19.7%,921068,0.6%
8/3/2021,2489064,-53.5%,1262043,-40.3%,123900,-57%,103200,-60%,22828,-21.7%,904753,-3.2%
8/2/2021,2338722,-54.5%,1208484,-41.4%,126200,-57%,102300,-62%,19824,-26.1%,903514,-4.0%
8/1/2021,1351294,-44.8%,629963,-44.3%,66000,-29%,52000,-35%,11627,-37.0%,869092,-6.1%
7/31/2021,1841007,-38.8%,857333,-38.6%,85400,-24%,67100,-30%,13932,-16.4%,953445,1.5%
7/30/2021,2562489,-50.9%,1235623,-39.7%,131900,-56%,103500,-61%,22127,-19.2%,988596,-3.0%
7/29/2021,2433507,-55.5%,1186642,-44.9%,120300,-58%,94700,-64%,22164,-23.3%,918380,-9.0%
7/28/2021,2539760,-52.6%,1276296,-37.6%,126800,-56%,100000,-61%,23145,-21.4%,932094,-1.3%
7/27/2021,2493079,-53.8%,1267804,-40.2%,128300,-56%,103000,-60%,22609,-21.9%,918908,-3.1%
7/26/2021,2323169,-54.9%,1219135,-40.9%,129900,-55%,101300,-62%,19910,-24.6%,907205,-3.9%
7/25/2021,1364830,-44.0%,625645,-44.4%,66400,-29%,53100,-34%,11419,-36.9%,864361,-9.2%
7/24/2021,1852402,-39.3%,856250,-38.8%,84900,-25%,68600,-29%,14042,-16.9%,950568,-3.4%
7/23/2021,2557043,-51.9%,1219255,-40.2%,130500,-56%,101100,-62%,22314,-19.2%,985198,-5.1%
7/22/2021,2587338,-53.5%,1279778,-40.5%,127300,-56%,102300,-61%,23122,-21.2%,963493,-5.0%
7/21/2021,2509502,-55.2%,1225595,-43.8%,121500,-58%,104900,-59%,22865,-24.8%,914902,-6.6%
7/20/2021,2467017,-53.3%,1217802,-40.0%,125800,-56%,107000,-59%,22213,-23.5%,924495,1.0%
7/19/2021,2332473,-53.9%,1208792,-39.3%,126700,-56%,103400,-61%,20276,-23.0%,897298,-1.7%
7/18/2021,1405344,-35.5%,640618,-37.9%,67400,-28%,56200,-30%,11313,-26.8%,838604,-4.0%
7/17/2021,1717480,-35.1%,795347,-37.4%,73000,-35%,64500,-33%,13228,-11.8%,897001,-3.0%
7/16/2021,2541195,-51.2%,1219118,-40.6%,123500,-59%,104300,-61%,21730,-19.4%,983846,-4.3%
7/15/2021,2586791,-52.2%,1275846,-37.6%,125600,-56%,105200,-60%,23772,-18.0%,971048,-0.7%
7/14/2021,2522633,-54.0%,1260044,-40.4%,120500,-58%,101800,-61%,23662,-22.5%,919213,-2.9%
7/13/2021,2462643,-55.6%,1239045,-42.8%,123400,-57%,105300,-59%,22286,-25.7%,895705,-6.3%
7/12/2021,2249975,-57.5%,1171521,-44.1%,120500,-59%,99000,-63%,20623,-23.6%,866231,-8.8%
7/11/2021,1367403,-43.9%,635511,-43.7%,62600,-33%,53200,-34%,11725,-34.8%,830775,-12.5%
7/10/2021,1783921,-41.2%,855908,-41.1%,73000,-35%,64400,-33%,14518,-15.3%,925950,-6.9%
7/9/2021,2322712,-57.0%,1115969,-45.2%,109400,-63%,88300,-67%,20632,-25.7%,888932,-12.6%
7/8/2021,2369035,-56.9%,1164513,-44.0%,116300,-60%,93200,-64%,22941,-22.6%,897858,-7.5%
7/7/2021,2442092,-56.2%,1234617,-43.4%,122600,-57%,99100,-62%,23637,-21.4%,926634,-3.4%
7/6/2021,2306692,-57.8%,1181416,-45.6%,127900,-56%,100500,-61%,22648,-24.0%,903777,-4.8%
7/5/2021,1497714,-35.3%,770321,-30.1%,78400,-16%,59700,-78%,10303,-43.1%,838087,-9.3%
7/4/2021,1470325,-46.0%,615001,-44.9%,70200,-25%,63900,-20%,12816,-1.6%,773629,-11.7%
7/3/2021,1543756,-40.5%,738089,-42.2%,63800,-43%,57400,-41%,12676,-12.6%,777262,-2.1%
7/2/2021,2300302,-41.0%,1121116,-36.3%,116500,-61%,94300,-65%,21489,-3.2%,920188,7.6%
7/1/2021,2297059,-58.2%,1104516,-46.9%,114400,-60%,90000,-65%,22011,-25.7%,933638,21.4%
6/30/2021,2350864,-55.0%,1139886,-45.3%,119400,-58%,99500,-62%,23001,-23.1%,945822,-6.3%
6/29/2021,2348456,-56.0%,1169268,-43.8%,119400,-59%,97800,-62%,21612,-26.8%,930011,-1.8%
6/28/2021,2256926,-56.7%,1152019,-43.6%,122300,-58%,101500,-62%,20503,-23.1%,924740,-3.5%
6/27/2021,1561403,-48.3%,656004,-40.4%,75100,-20%,62400,-22%,11883,-30.4%,900039,-3.5%
6/26/2021,1855861,-41.8%,841585,-36.9%,76600,-32%,66700,-31%,13520,-15.9%,950086,-1.8%
6/25/2021,2587425,-52.7%,1214123,-39.1%,126700,-58%,100500,-63%,22400,-19.7%,988675,-5.5%
6/24/2021,2557684,-54.8%,1248843,-40.1%,121500,-58%,100500,-61%,22842,-22.9%,978351,-6.3%
6/23/2021,2552443,-56.0%,1264095,-44.0%,121900,-57%,101900,-61%,24223,-21.2%,946870,-6.8%
6/22/2021,2359521,-57.3%,1172110,-44.3%,116200,-60%,97600,-62%,22293,-25.3%,896868,-6.2%
6/21/2021,2268969,-58.1%,1191844,-43.9%,123900,-57%,95700,-64%,20512,-24.5%,926300,-5.5%
6/20/2021,1389352,-47.1%,652557,-41.9%,77000,-18%,60900,-24%,13189,-29.5%,951631,-1.7%
6/19/2021,1784312,-45.9%,841519,-40.0%,76500,-32%,66100,-31%,13949,-19.8%,952944,-5.0%
6/18/2021,2576562,-53.6%,1235675,-33.9%,122800,-59%,104300,-61%,22491,-21.2%,989296,-3.6%
6/17/2021,2557486,-55.1%,1281552,-37.2%,121600,-58%,98400,-62%,23292,-22.2%,973485,-2.6%
6/16/2021,2524189,-56.0%,1288040,-41.3%,119200,-58%,94700,-63%,24788,-20.6%,945955,-2.5%
6/15/2021,2474710,-55.9%,1277203,-39.2%,117600,-59%,96700,-63%,23460,-22.2%,917933,-1.3%
6/14/2021,2227391,-59.2%,1176722,-46.0%,115300,-60%,91100,-66%,21568,-20.8%,869235,-8.5%
6/13/2021,1379959,-40.8%,647385,-38.2%,59200,-37%,51700,-36%,12047,-35.4%,887098,-4.8%
6/12/2021,1775538,-44.5%,849178,-40.5%,68200,-40%,61500,-36%,14450,-19.5%,919318,-9.0%
6/11/2021,2472629,-56.7%,1221484,-45.3%,118300,-61%,94600,-65%,23324,-19.3%,968763,-7.0%
6/10/2021,2478619,-56.6%,1276901,-41.5%,113200,-61%,91300,-65%,23498,-20.4%,951274,-2.1%
6/9/2021,2390612,-59.4%,1259005,-46.0%,107900,-62%,90600,-65%,23868,-25.5%,908563,-7.3%
6/8/2021,2270152,-60.6%,1175335,-47.5%,108300,-62%,88000,-66%,22948,-21.9%,878376,-8.5%
6/7/2021,2227613,-57.8%,1200737,-41.5%,112100,-61%,89400,-66%,21511,-17.4%,897208,2.2%
6/6/2021,1363344,-47.4%,654780,-39.7%,61900,-34%,51500,-36%,12514,-30.2%,921829,3.4%
6/5/2021,1792204,-45.2%,874545,-38.2%,72800,-35%,62700,-35%,14636,-18.1%,946758,-2.3%
6/4/2021,2314340,-59.2%,1160335,-48.0%,104600,-65%,88900,-67%,22743,-21.3%,930743,-9.7%
6/3/2021,2238336,-60.9%,1143159,-47.2%,102800,-64%,84800,-67%,23026,-22.8%,895524,-10.9%
6/2/2021,2348517,-59.2%,1249102,-45.3%,112500,-61%,90800,-65%,24325,-21.3%,910385,-5.7%
6/1/2021,2263536,-59.1%,1230127,-41.7%,114800,-60%,94900,-63%,22308,-24.7%,907698,-4.6%
5/31/2021,1391302,-46.6%,702801,-39.0%,102300,-68%,63000,-78%,10380,-3.8%,756187,-20.9%
5/30/2021,1066132,-57.9%,484864,-55.3%,43400,-55%,47200,-55%,10028,-44.5%,664029,-25.9%
5/29/2021,1371467,-56.8%,648192,-54.4%,54800,-54%,71700,-52%,11734,-32.4%,744860,-22.9%
5/28/2021,2236646,-61.2%,1135369,-48.7%,112800,-65%,89300,-69%,21520,-22.9%,931760,-11.2%
5/27/2021,2356638,-59.0%,1246269,-43.0%,117300,-63%,90600,-68%,23450,-18.1%,970920,-0.5%
5/26/2021,2280311,-60.0%,1241052,-43.7%,114500,-64%,86700,-70%,23594,-19.8%,921084,-2.8%
5/25/2021,2275628,-58.1%,1253998,-42.4%,110900,-65%,85900,-70%,22854,-19.3%,902577,-2.5%
5/24/2021,2123129,-61.7%,1192453,-46.4%,105500,-67%,80800,-72%,21563,-24.2%,869940,10.5%
5/23/2021,1270286,-50.1%,645466,-39.3%,58000,-41%,63700,-39%,11765,-36.2%,885740,1.0%
5/22/2021,1647055,-45.3%,839877,-37.0%,66300,-44%,94500,-37%,13397,-15.4%,911148,0.9%
5/21/2021,2336140,-56.9%,1221591,-44.5%,110100,-66%,90900,-68%,22520,-19.0%,965528,-8.1%
5/20/2021,2273912,-60.0%,1243965,-43.2%,106600,-67%,82700,-71%,23659,-20.4%,931659,-8.1%
5/19/2021,2261916,-61.6%,1253578,-46.1%,104800,-67%,82700,-71%,23784,-23.9%,915644,-7.7%
5/18/2021,2154370,-63.2%,1215676,-47.6%,100400,-69%,80300,-72%,22367,-25.6%,838307,-13.5%
5/17/2021,2026574,-63.7%,1157960,-49.0%,98500,-69%,77300,-73%,20779,-24.7%,810018,-16.2%
5/16/2021,1201918,-54.2%,621750,-44.3%,49200,-50%,56800,-45%,11062,-40.8%,814177,-14.1%
5/15/2021,1637242,-51.9%,844096,-40.8%,63100,-47%,91100,-40%,13516,-23.4%,891574,-10.4%
5/14/2021,2270937,-60.4%,1220112,-45.5%,104900,-67%,85700,-70%,22437,-21.5%,947064,-10.2%
5/13/2021,2167164,-63.4%,1182347,-49.2%,103000,-68%,80000,-72%,23439,-22.2%,918259,-10.0%
5/12/2021,2186470,-62.9%,1238990,-47.4%,98900,-69%,77900,-73%,23946,-25.1%,887381,-9.3%
5/11/2021,2152549,-62.7%,1231886,-46.7%,97400,-70%,75400,-74%,22751,-23.1%,873176,-6.9%
5/10/2021,1993889,-63.4%,1149109,-45.9%,96800,-70%,73300,-74%,20751,-21.2%,844563,-6.7%
5/9/2021,1108734,-46.5%,576000,-30.9%,54100,-45%,59300,-43%,13897,-29.1%,854809,0.3%
5/8/2021,1444674,-55.1%,779188,-45.7%,56300,-52%,78700,-48%,13339,-26.5%,854156,-13.9%
5/7/2021,2241860,-60.2%,1222741,-45.9%,101600,-68%,83100,-71%,22730,-20.2%,936747,-8.1%
5/6/2021,2204111,-62.6%,1258536,-46.8%,94200,-70%,76000,-73%,23792,-22.8%,905604,-8.3%
5/5/2021,2078394,-64.6%,1158445,-51.6%,92000,-71%,70300,-75%,23236,-27.1%,841968,-12.5%
5/4/2021,2124252,-63.5%,1227250,-48.1%,93100,-71%,72300,-75%,22962,-25.8%,851039,-9.1%
5/3/2021,1974754,-65.0%,1165505,-48.9%,91100,-71%,67100,-77%,21492,-24.1%,828506,-10.7%
5/2/2021,1153471,-50.5%,620063,-26.2%,41800,-57%,51300,-51%,11541,-34.1%,809865,1.6%
5/1/2021,1515211,-53.1%,818655,-41.0%,51100,-57%,76300,-49%,13263,-24.6%,849633,-9.1%
4/30/2021,2163175,-62.3%,1185321,-46.9%,93500,-70%,77700,-73%,22322,-22.2%,922720,-8.7%
4/29/2021,2032405,-65.5%,1166096,-50.3%,88700,-71%,69000,-76%,22201,-25.1%,873037,-11.2%
4/28/2021,2139820,-63.2%,1227777,-47.8%,92100,-70%,72900,-75%,24411,-20.8%,888723,-6.7%
4/27/2021,2045718,-64.5%,1198299,-47.6%,89000,-71%,69300,-76%,22603,-23.7%,839788,-9.6%
4/26/2021,1959131,-64.8%,1156913,-48.5%,89300,-71%,68600,-76%,21083,-22.6%,826605,-8.7%
4/25/2021,985027,-59.3%,540989,-45.5%,34100,-63%,37100,-64%,9777,-44.0%,695863,-16.9%
4/24/2021,1520057,-53.5%,809163,-39.5%,51600,-55%,78900,-47%,13351,-18.6%,854964,-7.3%
4/23/2021,2125087,-57.9%,1184193,-32.3%,92800,-70%,76100,-73%,22035,-13.2%,920588,2.0%
4/22/2021,2044069,-62.6%,1166357,-41.0%,86600,-72%,67600,-76%,21832,-22.0%,871573,-7.5%
4/21/2021,1969710,-63.8%,1139762,-43.5%,83500,-73%,66000,-77%,22379,-23.7%,828447,-12.0%
4/20/2021,2086630,-61.6%,1223642,-39.6%,90000,-71%,72000,-75%,23528,-15.0%,860511,-7.6%
4/19/2021,1914960,-61.3%,1147977,-36.8%,87200,-72%,67400,-77%,21274,-10.9%,816540,-11.2%
4/18/2021,1082503,-56.3%,607333,-38.6%,38300,-58%,48200,-53%,10865,-41.7%,753446,-14.4%
4/17/2021,1425036,-56.6%,803352,-42.7%,49900,-56%,72600,-51%,13313,-24.6%,813162,-3.7%
4/16/2021,2082447,-63.6%,1157507,-48.2%,87200,-72%,73600,-74%,21632,-25.7%,889711,-7.8%
4/15/2021,1910326,-67.6%,1083083,-51.9%,81800,-74%,63800,-78%,21198,-28.5%,822207,-17.8%
4/14/2021,2021936,-66.2%,1199954,-48.7%,86700,-72%,69900,-76%,23462,-25.3%,852606,-11.9%
4/13/2021,2016030,-66.0%,1196355,-49.1%,87200,-72%,67600,-76%,22728,-24.5%,832482,-12.0%
4/12/2021,1849254,-66.7%,1087799,-50.4%,83100,-73%,63900,-78%,21192,-24.2%,793402,-12.7%
4/11/2021,900666,-63.6%,504407,-49.0%,32000,-65%,35600,-65%,9742,-47.7%,666435,-21.8%
4/10/2021,1392745,-57.6%,790023,-43.6%,46000,-60%,66800,-55%,12713,-28.0%,822112,-13.2%
4/9/2021,2030410,-64.5%,1144311,-48.8%,87100,-72%,71000,-75%,21978,-24.5%,895229,-10.6%
4/8/2021,2017306,-65.4%,1177833,-49.7%,86700,-72%,68000,-76%,22579,-28.1%,877834,-9.7%
4/7/2021,1989179,-66.1%,1172362,-50.1%,85500,-72%,66700,-77%,23469,-26.6%,858593,-9.7%
4/6/2021,1946071,-66.2%,1155101,-50.1%,85800,-72%,66200,-77%,21695,-28.3%,840351,-8.1%
4/5/2021,1822134,-67.2%,1088750,-52.4%,87000,-72%,67700,-76%,19970,-29.5%,832239,-8.6%
4/4/2021,951260,-59.4%,519812,-47.8%,40900,-55%,47700,-54%,11632,-39.9%,749910,-16.1%
4/3/2021,1319964,-53.4%,750682,-37.2%,47700,-58%,68800,-54%,12735,-13.9%,779701,-16.8%
4/2/2021,1760768,-63.0%,958085,-45.7%,79800,-74%,66800,-77%,18839,-23.0%,845252,-13.2%
4/1/2021,1845249,-68.8%,1030209,-56.4%,77300,-75%,55500,-81%,20490,-34.8%,856466,-12.2%
3/31/2021,1812072,-69.2%,995873,-58.1%,84900,-73%,61600,-78%,20374,-36.9%,833052,-10.8%
3/30/2021,1885343,-67.3%,1079381,-54.0%,91300,-71%,65600,-76%,21019,-29.7%,842154,-7.1%
3/29/2021,1745540,-68.6%,1002597,-56.3%,86500,-72%,62400,-77%,18543,-35.0%,763647,-14.9%
3/28/2021,807247,-64.3%,459949,-53.5%,28300,-67%,29900,-68%,9104,-47.8%,601860,-26.3%
3/27/2021,1374266,-57.7%,781981,-44.1%,47500,-56%,63600,-53%,12900,-25.3%,841595,-9.4%
3/26/2021,1941782,-65.3%,1091753,-51.0%,84400,-73%,64500,-77%,20805,-27.3%,865970,-12.2%
3/25/2021,1929515,-66.7%,1127964,-51.6%,83600,-73%,61200,-78%,21763,-28.7%,847633,-12.4%
3/24/2021,1831662,-68.0%,1075968,-53.4%,79600,-75%,56500,-80%,21651,-31.2%,794315,-14.2%
3/23/2021,1883301,-66.9%,1133504,-51.7%,83100,-73%,58700,-79%,21590,-28.8%,810243,-10.5%
3/22/2021,1805084,-66.7%,1095241,-51.5%,84200,-73%,61100,-78%,20427,-28.3%,788542,-11.3%
3/21/2021,1013386,-58.1%,579358,-46.2%,34700,-60%,37600,-60%,10358,-43.9%,735673,-15.6%
3/20/2021,1307403,-56.8%,768908,-42.1%,41700,-61%,54900,-60%,12558,-23.9%,787777,-11.0%
3/19/2021,1910080,-65.3%,1083647,-49.4%,80000,-74%,60700,-78%,20357,-27.6%,863187,-10.4%
3/18/2021,1774375,-68.1%,1019472,-53.3%,76500,-76%,55400,-80%,20264,-30.7%,799478,-13.0%
3/17/2021,1869879,-67.2%,1103979,-52.9%,81400,-74%,58400,-79%,22323,-30.0%,808876,-12.4%
3/16/2021,1801682,-68.0%,1062179,-54.4%,77700,-75%,56400,-80%,20903,-31.7%,786996,-13.4%
3/15/2021,1733288,-67.9%,1023990,-54.5%,79300,-75%,55800,-80%,19986,-28.6%,774146,-13.3%
3/14/2021,923968,-62.1%,531754,-48.4%,30400,-65%,31800,-66%,9732,-46.7%,673170,-20.2%
3/13/2021,1257372,-60.6%,730218,-46.1%,38500,-64%,52300,-61%,11932,-29.5%,776744,-14.2%
3/12/2021,1917972,-66.0%,1092388,-51.0%,82400,-74%,63200,-77%,21724,-25.2%,873014,-12.5%
3/11/2021,1885584,-67.6%,1107502,-53.0%,80400,-74%,59000,-79%,22617,-27.7%,836773,-13.3%
3/10/2021,1852702,-68.0%,1104610,-53.0%,78100,-75%,58100,-79%,22774,-28.9%,804700,-13.4%
3/9/2021,1837670,-68.1%,1101988,-52.7%,79300,-75%,57700,-79%,22200,-27.6%,791512,-12.8%
3/8/2021,1722930,-69.0%,1039763,-54.6%,79400,-75%,56100,-80%,20685,-28.2%,767707,-15.0%
3/7/2021,894177,-57.7%,525930,-41.4%,29300,-66%,30700,-67%,9843,-42.7%,662461,-13.9%
3/6/2021,1167887,-62.5%,696719,-49.0%,37200,-66%,45300,-67%,11951,-31.6%,728236,-18.7%
3/5/2021,1829185,-67.8%,1041408,-53.1%,79100,-75%,58600,-79%,21842,-24.7%,846071,-14.1%
3/4/2021,1812200,-68.6%,1078036,-52.4%,78600,-75%,55100,-80%,21727,-30.0%,807284,-13.9%
3/3/2021,1850000,-67.5%,1119137,-50.0%,78800,-75%,55500,-80%,22823,-27.6%,798577,-11.9%
3/2/2021,1752983,-69.4%,1024511,-55.3%,75300,-76%,51600,-81%,20640,-32.7%,763489,-14.9%
3/1/2021,1699607,-60.6%,1020837,-35.5%,74400,-76%,51300,-81%,20359,-14.0%,747909,9.0%
2/28/2021,811043,-63.9%,491545,-49.8%,23800,-70%,27700,-70%,8910,-46.9%,619960,-21.2%
2/27/2021,1074256,-62.3%,635820,-49.2%,28800,-71%,38900,-70%,11319,-37.3%,681969,-19.0%
2/26/2021,1826171,-66.9%,1065376,-50.5%,76700,-75%,56500,-79%,21911,-31.3%,851052,-11.5%
2/25/2021,1801708,-68.3%,1069420,-51.8%,75000,-75%,53400,-80%,22138,-32.0%,814611,-12.1%
2/24/2021,1809852,-67.8%,1099351,-51.1%,74800,-76%,53500,-80%,23223,-30.5%,797488,-10.3%
2/23/2021,1733604,-68.9%,1040398,-53.2%,73500,-76%,51600,-81%,20852,-35.0%,759850,-13.0%
2/22/2021,1585133,-70.7%,927414,-58.3%,69700,-77%,48900,-82%,19015,-37.2%,691608,-19.6%
2/21/2021,837051,-63.2%,516715,-48.9%,25200,-68%,27300,-70%,9195,-54.2%,605395,-23.9%
2/20/2021,1111970,-62.0%,679240,-46.1%,30900,-69%,41200,-69%,10578,-39.8%,657045,-21.0%
2/19/2021,1568728,-69.7%,809308,-57.0%,64100,-79%,48700,-82%,14172,-52.5%,608152,-34.6%
2/18/2021,1384407,-74.2%,725951,-63.5%,58000,-81%,43000,-84%,15843,-49.8%,456327,-49.7%
2/17/2021,1736509,-67.6%,1061711,-47.8%,74200,-76%,53700,-80%,22336,-32.0%,821333,-6.9%
2/16/2021,1630739,-68.3%,963223,-50.4%,72700,-76%,49900,-81%,19126,-38.5%,726224,-15.3%
2/15/2021,1220357,-61.9%,726412,-46.7%,65700,-79%,30000,-67%,11437,-30.0%,641883,-18.8%
2/14/2021,858877,-63.2%,479319,-50.6%,23400,-71%,28200,-69%,7835,-59.5%,551288,-27.2%
2/13/2021,1093261,-60.7%,656637,-42.1%,29300,-70%,40800,-69%,11669,-29.0%,666722,-19.0%
2/12/2021,1709253,-69.2%,965421,-54.2%,72100,-76%,53700,-80%,20165,-34.8%,803912,-17.8%
2/11/2021,1717804,-69.7%,1005348,-54.5%,70200,-77%,50500,-81%,20144,-38.8%,755367,-17.5%
2/10/2021,1753405,-68.5%,1052021,-53.6%,71300,-77%,50100,-81%,22169,-35.2%,769088,-12.6%
2/9/2021,1669590,-70.2%,992290,-55.5%,69500,-77%,47600,-82%,19386,-41.0%,682085,-20.8%
2/8/2021,1642828,-69.5%,964007,-55.1%,71000,-77%,50900,-81%,17786,-40.9%,701146,-17.1%
2/7/2021,653257,-71.0%,367095,-63.0%,17100,-78%,19400,-79%,7115,-63.7%,340122,-55.6%
2/6/2021,1149757,-61.4%,715717,-44.3%,29200,-70%,40300,-69%,12020,-33.6%,689415,-17.0%
2/5/2021,1744130,-68.4%,1001775,-52.5%,68900,-77%,51300,-81%,20136,-34.6%,766091,-16.3%
2/4/2021,1789214,-68.4%,1033791,-52.8%,71300,-77%,51000,-81%,20328,-36.7%,742193,-16.1%
2/3/2021,1705655,-70.0%,949695,-58.5%,69100,-77%,49700,-82%,16869,-49.9%,656614,-25.1%
2/2/2021,1007502,-82.0%,543073,-76.0%,22800,-93%,30600,-89%,8155,-74.8%,311607,-63.6%
2/1/2021,584184,-89.1%,337228,-84.6%,8600,-97%,16700,-94%,12202,-59.5%,156759,-81.7%
1/31/2021,723473,-67.7%,427945,-55.9%,23100,-72%,28400,-74%,8616,-56.4%,573512,-18.5%
1/30/2021,943426,-67.2%,566837,-54.7%,26600,-73%,40800,-74%,10284,-39.1%,652550,-17.4%
1/29/2021,1514326,-72.0%,812264,-61.7%,65100,-78%,49700,-82%,19047,-38.9%,780131,-16.4%
1/28/2021,1650014,-70.8%,950205,-56.8%,70000,-77%,52000,-81%,20139,-36.2%,768600,-10.9%
1/27/2021,1663376,-70.5%,1004792,-54.9%,70400,-77%,50500,-82%,19841,-39.1%,740154,-15.2%
1/26/2021,1553918,-72.2%,911579,-59.2%,68200,-77%,49300,-82%,18115,-42.6%,653068,-23.6%
1/25/2021,1595694,-69.6%,978987,-53.3%,73100,-76%,52100,-81%,19991,-32.5%,727393,-13.8%
1/24/2021,741960,-68.2%,458203,-54.3%,24000,-71%,29000,-73%,8317,-55.0%,560522,-26.7%
1/23/2021,998665,-61.7%,619673,-39.9%,27900,-71%,42700,-73%,10536,-34.3%,640381,-14.0%
1/22/2021,1675175,-68.6%,1018584,-50.8%,71300,-76%,54000,-81%,20375,-33.1%,787474,-15.2%
1/21/2021,1656100,-69.6%,1007042,-52.7%,71200,-76%,52000,-81%,19925,-37.2%,760221,-14.6%
1/20/2021,1578038,-70.9%,921371,-56.8%,67900,-78%,50000,-82%,19281,-40.8%,712711,-17.8%
1/19/2021,1639243,-69.2%,1013616,-51.2%,72600,-76%,52600,-81%,21049,-32.8%,736254,-14.9%
1/18/2021,1279119,-59.9%,766926,-41.2%,68700,-77%,31900,-89%,14124,-9.7%,689251,-13.5%
1/17/2021,798564,-65.0%,504031,-46.6%,24200,-71%,32900,-69%,9880,-41.9%,580771,-17.3%
1/16/2021,992599,-61.7%,645625,-36.4%,27100,-72%,43400,-72%,11654,-17.4%,631135,-1.9%
1/15/2021,1630098,-69.5%,981817,-51.7%,70200,-77%,54000,-81%,21819,-28.4%,788779,-17.2%
1/14/2021,1650630,-70.1%,1017757,-52.7%,70900,-77%,52500,-81%,21950,-30.9%,754071,-16.7%
1/13/2021,1644812,-70.2%,996646,-55.3%,70600,-77%,51700,-81%,22720,-31.7%,737859,-16.7%
1/12/2021,1643725,-69.7%,997279,-54.1%,71400,-76%,52100,-81%,21623,-32.6%,730831,-15.1%
1/11/2021,1571330,-69.9%,966517,-55.4%,72300,-76%,51400,-82%,21089,-29.5%,708058,-16.4%
1/10/2021,763690,-66.7%,501437,-49.6%,23800,-71%,29300,-73%,9467,-51.1%,564543,-25.4%
1/9/2021,991218,-67.0%,643475,-50.6%,27000,-72%,42900,-73%,12023,-34.4%,630790,-24.0%
1/8/2021,1622259,-70.3%,982175,-54.0%,68600,-77%,51500,-82%,21641,-29.9%,754548,-17.4%
1/7/2021,1614248,-70.5%,989097,-53.2%,69700,-77%,51000,-82%,21571,-31.6%,736609,-17.0%
1/6/2021,1616889,-70.3%,996123,-53.5%,70300,-77%,50800,-82%,22795,-29.1%,726679,-14.8%
1/5/2021,1600910,-70.4%,990479,-54.0%,70400,-77%,51000,-82%,21641,-31.5%,708610,-15.8%
1/4/2021,1561237,-70.2%,964597,-53.9%,71100,-77%,50900,-82%,20612,-30.8%,688045,-17.3%
1/3/2021,653915,-71.3%,413820,-56.1%,20800,-75%,25200,-77%,9745,-47.7%,496494,-29.4%
1/2/2021,989612,-64.8%,608686,-48.7%,28900,-71%,44500,-72%,10450,-34.6%,624765,-15.5%
1/1/2021,614497,-73.4%,378288,-50.0%,29000,-90%,8200,-92%,5960,-30.2%,445950,-46.2%
12/31/2020,1277146,-68.0%,780869,-51.0%,75200,-76%,21600,-80%,17167,-31.1%,704297,-14.0%
12/30/2020,1585476,-63.4%,935138,-39.1%,79300,-75%,58000,-79%,20922,-15.0%,799839,19.7%
12/29/2020,1558295,-64.0%,918291,-40.2%,78900,-75%,56200,-80%,19717,-19.9%,759864,-4.1%
12/28/2020,1513195,-65.1%,902574,-41.2%,81600,-74%,58500,-79%,18820,-23.5%,743305,-9.1%
12/27/2020,761251,-69.8%,469973,-50.1%,34400,-68%,33200,-69%,9457,-47.3%,594862,-23.9%
12/26/2020,880184,-71.8%,555857,-54.0%,36000,-72%,42400,-73%,9094,-40.1%,593895,-30.3%
12/25/2020,485839,-72.1%,312707,-53.2%,51300,-84%,7300,-93%,8611,-41.8%,476547,-46.5%
12/24/2020,1314656,-64.0%,813353,-46.7%,75800,-76%,54600,-80%,15928,-28.3%,760624,-10.4%
12/23/2020,1775738,-62.6%,1033609,-43.5%,84400,-73%,59700,-79%,23305,-13.7%,864271,12.9%
12/22/2020,1764202,-62.8%,1031789,-43.6%,82000,-74%,56400,-80%,22820,-15.5%,814975,-9.9%
12/21/2020,1719279,-63.8%,1011638,-44.7%,81200,-74%,56800,-80%,21647,-19.8%,777049,-16.1%
12/20/2020,822001,-69.2%,516601,-50.5%,32600,-69%,30500,-72%,9585,-51.7%,555254,-33.8%
12/19/2020,1112852,-65.0%,669751,-47.1%,41100,-68%,46600,-70%,11589,-33.5%,651814,-28.2%
12/18/2020,1738727,-69.3%,938457,-54.8%,74900,-76%,54400,-81%,17537,-43.8%,736356,-25.8%
12/17/2020,1081431,-81.2%,525802,-74.3%,21400,-93%,17600,-94%,9940,-68.8%,297298,-69.5%
12/16/2020,1571978,-73.5%,854245,-61.3%,68100,-78%,47600,-83%,19296,-42.5%,625006,-33.8%
12/15/2020,1786741,-68.6%,1076717,-47.3%,78400,-75%,54600,-80%,23432,-25.8%,819063,-5.4%
12/14/2020,1587068,-72.3%,950309,-56.4%,75000,-76%,51500,-82%,21333,-29.4%,723908,-20.1%
12/13/2020,911519,-67.6%,579527,-45.0%,39300,-63%,36800,-66%,10208,-48.3%,659446,-21.6%
12/12/2020,1091372,-68.4%,704357,-45.1%,41800,-67%,46400,-70%,12307,-30.8%,671668,-23.8%
12/11/2020,1789568,-69.8%,1053576,-50.1%,79700,-75%,55900,-80%,22751,-25.8%,821871,-16.1%
12/10/2020,1764682,-71.0%,1066582,-52.3%,76800,-76%,52800,-81%,22845,-30.0%,784406,-19.9%
12/9/2020,1705159,-71.3%,1017090,-54.0%,74700,-76%,50900,-82%,22459,-27.7%,749886,-15.0%
12/8/2020,1544078,-74.0%,1029646,-54.0%,75000,-76%,51900,-81%,22177,-32.2%,744112,-18.2%
12/7/2020,1659836,-70.5%,1018044,-50.5%,77800,-75%,52600,-81%,21424,-28.3%,729674,-16.7%
12/6/2020,879278,-67.1%,545433,-47.3%,35100,-67%,31900,-70%,9904,-49.5%,590525,-28.5%
12/5/2020,1001236,-71.6%,619735,-53.1%,33500,-74%,37900,-76%,10151,-45.2%,572557,-36.1%
12/4/2020,1704749,-71.4%,1012813,-54.0%,72100,-77%,51700,-81%,21960,-29.1%,775709,-20.7%
12/3/2020,1739370,-71.3%,1056963,-53.7%,75100,-76%,52000,-81%,22941,-30.2%,767310,-20.5%
12/2/2020,1703245,-71.5%,1018368,-55.5%,73600,-77%,50500,-82%,22712,-32.7%,746840,-19.8%
12/1/2020,1709780,-70.7%,1051162,-52.9%,73600,-77%,50200,-82%,21693,-28.3%,752069,-16.1%
11/30/2020,1462166,-72.3%,819615,-58.2%,80000,-76%,54200,-81%,19751,-24.7%,652664,-14.6%
11/29/2020,827800,-59.3%,545820,-33.4%,32600,-65%,34400,-67%,9360,-37.7%,631799,-13.1%
11/28/2020,1034026,-62.9%,684962,-44.1%,37800,-67%,45600,-70%,10808,-24.3%,649087,-28.1%
11/27/2020,1265519,-63.7%,812188,-42.7%,77300,-76%,12300,-88%,12395,-17.0%,671214,-16.4%
11/26/2020,653123,-69.2%,443386,-45.7%,72600,-78%,10700,-90%,12151,-43.2%,564193,-37.5%
11/25/2020,1691393,-68.0%,1032401,-51.8%,93400,-72%,67200,-77%,21450,-22.1%,853222,-13.6%
11/24/2020,1739107,-70.2%,1064087,-53.8%,89800,-73%,61100,-79%,22814,-28.4%,821450,-17.7%
11/23/2020,1649748,-71.2%,1002977,-55.9%,87700,-73%,59500,-79%,21297,-28.8%,755375,-16.6%
11/22/2020,818055,-63.7%,543514,-41.7%,31000,-67%,31900,-69%,10694,-41.0%,598349,-20.8%
11/21/2020,1157976,-63.7%,750818,-44.7%,39200,-66%,51200,-66%,13193,-22.4%,742369,-17.2%
11/20/2020,1803896,-68.9%,1073124,-51.0%,87400,-73%,60400,-79%,22945,-24.6%,843069,-13.8%
11/19/2020,1761064,-70.7%,1058467,-54.6%,84700,-74%,57800,-80%,21780,-32.8%,800461,-16.7%
11/18/2020,1791183,-69.8%,1072627,-53.9%,84100,-74%,57700,-80%,23390,-30.2%,776422,-16.3%
11/17/2020,1792431,-69.6%,1094353,-52.9%,87000,-74%,58600,-80%,22524,-31.0%,764725,-15.9%
11/16/2020,1745282,-68.9%,1051458,-51.6%,89500,-73%,61400,-79%,21851,-26.5%,757988,-14.1%
11/15/2020,821555,-66.3%,524515,-48.1%,30900,-67%,32900,-68%,9763,-48.5%,596389,-27.3%
11/14/2020,1215491,-62.4%,755714,-42.6%,41400,-64%,58000,-62%,12928,-26.0%,735029,-18.6%
11/13/2020,1820025,-69.0%,1061880,-52.4%,86300,-74%,61000,-79%,22054,-29.6%,821059,-17.1%
11/12/2020,1780212,-70.0%,1058761,-53.8%,86200,-74%,58200,-80%,22059,-32.6%,779141,-18.8%
11/11/2020,1617862,-66.3%,968853,-46.6%,83300,-75%,21200,-80%,20263,-8.3%,713640,-22.2%
11/10/2020,1840750,-68.4%,1146090,-47.8%,91500,-72%,63000,-78%,23138,-28.3%,800965,-9.8%
11/9/2020,1756175,-69.8%,1099361,-49.9%,91700,-72%,62400,-78%,21444,-32.1%,773217,-9.0%
11/8/2020,928516,-63.1%,584868,-44.4%,38500,-59%,44000,-58%,10474,-46.0%,726041,-15.4%
11/7/2020,1246356,-61.5%,749502,-42.7%,46400,-60%,66300,-56%,13409,-24.4%,790712,-13.5%
11/6/2020,1840860,-68.6%,1114000,-49.0%,89500,-73%,65000,-77%,22659,-23.5%,858167,-12.5%
11/5/2020,1797589,-70.2%,1125820,-51.9%,87000,-74%,59900,-79%,22937,-28.9%,818991,-14.2%
11/4/2020,1693937,-71.9%,1083036,-54.5%,81600,-75%,56400,-80%,22174,-33.4%,754704,-19.4%
11/3/2020,1606096,-71.0%,1017551,-51.6%,82100,-75%,58100,-80%,20416,-33.0%,720562,-19.2%
11/2/2020,1751443,-69.9%,1064298,-54.0%,87200,-73%,59400,-79%,21127,-29.9%,772129,-16.0%
11/1/2020,786678,-72.7%,510667,-48.5%,29500,-69%,35500,-66%,10180,-39.8%,660915,-14.9%
10/31/2020,1174079,-65.0%,724129,-47.8%,41500,-63%,63600,-58%,12816,-29.7%,743811,-19.7%
10/30/2020,1771288,-70.3%,1004498,-55.6%,84300,-73%,65900,-77%,21243,-29.8%,824680,-16.8%
10/29/2020,1708611,-70.4%,974119,-55.2%,81800,-74%,60300,-79%,20925,-27.9%,776467,-12.4%
10/28/2020,1823028,-69.7%,1109591,-53.0%,86700,-72%,64000,-78%,23258,-27.5%,801966,-13.4%
10/27/2020,1818884,-69.6%,1138746,-51.0%,87400,-72%,64400,-78%,21870,-29.7%,789371,-13.6%
10/26/2020,1694080,-70.6%,1058119,-54.4%,86700,-72%,64800,-78%,20817,-28.0%,760604,-16.8%
10/25/2020,885001,-59.8%,576930,-33.8%,33700,-63%,45000,-57%,10074,-41.2%,725809,-6.6%
10/24/2020,1185612,-64.5%,780710,-44.2%,43600,-62%,72200,-53%,12916,-27.6%,805454,-15.4%
10/23/2020,1846268,-68.8%,1128035,-50.8%,89900,-71%,71100,-76%,21766,-27.8%,881995,-12.4%
10/22/2020,1829135,-70.1%,1146065,-51.9%,88700,-72%,67000,-77%,22391,-30.3%,845064,-14.2%
10/21/2020,1816797,-70.0%,1147375,-52.2%,86200,-73%,65200,-78%,22959,-29.9%,806738,-14.6%
10/20/2020,1784090,-69.3%,1127897,-50.2%,86600,-72%,63500,-78%,21936,-26.9%,790018,-9.7%
10/19/2020,1722723,-69.6%,1104658,-51.8%,89200,-72%,66000,-77%,20812,-24.3%,782239,-10.5%
10/18/2020,897886,-63.1%,585376,-40.2%,34700,-62%,48700,-54%,9998,-46.3%,752262,-9.8%
10/17/2020,1211061,-64.0%,780003,-43.6%,43800,-61%,70500,-54%,11831,-33.0%,794520,-16.7%
10/16/2020,1674686,-72.1%,986166,-56.8%,83800,-73%,64900,-78%,20776,-31.0%,820106,-20.3%
10/15/2020,1857822,-69.5%,1154164,-50.2%,90300,-71%,67700,-77%,22834,-27.2%,866245,-10.7%
10/14/2020,1842638,-68.5%,1161893,-47.1%,89200,-72%,66700,-77%,23169,-25.5%,824529,-9.3%
10/13/2020,1718853,-70.8%,1067179,-54.6%,76600,-76%,62700,-78%,20909,-31.0%,765671,-16.3%
10/12/2020,1286892,-69.8%,770512,-52.9%,76800,-76%,59300,-80%,15722,-17.4%,685982,-19.6%
10/11/2020,849518,-68.1%,564046,-47.7%,34600,-62%,45700,-57%,9470,-48.8%,692669,-22.6%
10/10/2020,1171657,-64.1%,770914,-44.1%,44500,-61%,77300,-49%,12627,-27.8%,823775,-12.4%
10/9/2020,1811779,-69.1%,1114870,-51.1%,78700,-75%,72400,-75%,21274,-28.7%,896404,-13.1%
10/8/2020,1801918,-70.2%,1128062,-52.5%,88000,-72%,65600,-77%,21964,-30.2%,845788,-13.0%
10/7/2020,1774408,-63.7%,1124542,-38.7%,87100,-72%,64300,-78%,23027,-17.7%,814866,0.0%
10/6/2020,1762320,-69.2%,1133242,-50.9%,87700,-72%,65100,-78%,21475,-29.4%,802900,-8.6%
10/5/2020,1682379,-70.6%,1092193,-53.5%,88700,-72%,62900,-78%,19971,-31.5%,783540,-13.3%
10/4/2020,853591,-66.1%,566754,-47.3%,35000,-62%,43900,-58%,10010,-48.0%,706562,-18.8%
10/3/2020,1168073,-65.0%,773305,-45.1%,45000,-60%,68900,-55%,12759,-28.0%,810626,-13.4%
10/2/2020,1794201,-70.1%,1109459,-52.5%,87300,-72%,67100,-77%,21626,-27.6%,891268,-11.3%
10/1/2020,1813961,-69.9%,1150563,-50.2%,86100,-73%,62100,-79%,22309,-29.4%,870606,-7.1%
9/30/2020,1744524,-70.7%,1077000,-55%,89200,-73%,61500,-79%,21424,-31.0%,822683,-11.1%
9/29/2020,1664896,-67.9%,1023100,-50%,88400,-73%,59700,-79%,20517,-26.4%,790861,-9.5%
9/28/2020,1492611,-68.7%,955300,-50%,89700,-73%,63800,-78%,17678,-25.9%,753159,-13.3%
9/27/2020,846184,-66.7%,586900,-46%,40000,-60%,45200,-57%,9491,-49.3%,731091,-20.4%
9/26/2020,1120175,-65.1%,756300,-46%,47200,-60%,66800,-56%,12128,-28.8%,824515,-15.1%
9/25/2020,1765299,-70.0%,1077600,-53%,92500,-72%,67900,-76%,21233,-25.9%,912599,-10.7%
9/24/2020,1726180,-71.5%,1070500,-55%,89100,-73%,62400,-78%,21554,-29.6%,857578,-11.9%
9/23/2020,1739043,-71.3%,1093600,-55%,89000,-73%,62300,-78%,22501,-29.2%,834469,-12.0%
9/22/2020,1702325,-71.7%,1061900,-55%,87400,-73%,61000,-79%,21103,-29.8%,808351,-12.4%
9/21/2020,1627636,-71.7%,1021200,-56%,89700,-73%,61800,-79%,19488,-30.5%,788505,-14.6%
9/20/2020,828365,-68.3%,585500,-48%,39000,-61%,41800,-60%,9269,-50.5%,705596,-24.5%
9/19/2020,1137948,-65.8%,761600,-47%,46800,-60%,64600,-58%,12246,-30.7%,802614,-17.5%
9/18/2020,1728810,-71.1%,1074200,-54%,90700,-72%,65700,-77%,20702,-28.3%,894931,-11.8%
9/17/2020,1695985,-71.9%,1060400,-56%,86900,-73%,61500,-79%,21005,-32.2%,848024,-13.5%
9/16/2020,1690405,-71.8%,1075300,-56%,87000,-73%,60700,-79%,22070,-31.3%,816708,-13.6%
9/15/2020,1681774,-71.8%,1087600,-55%,87000,-73%,60800,-79%,20763,-32.4%,815700,-12.4%
9/14/2020,1607896,-71.7%,1044500,-56%,89500,-73%,60900,-79%,19888,-29.6%,799573,-13.9%
9/13/2020,796744,-68.9%,577400,-48%,36700,-63%,38100,-64%,9315,-49.6%,703809,-23.5%
9/12/2020,1083727,-65.4%,759700,-45%,44500,-62%,60500,-60%,12349,-26.9%,800190,-14.8%
9/11/2020,1693776,-71.2%,1072600,-54%,88600,-73%,65100,-77%,20809,-29.4%,895766,-11.9%
9/10/2020,1547065,-74.0%,989000,-59%,82100,-75%,57100,-80%,20181,-35.1%,801431,-17.5%
9/9/2020,1613662,-72.9%,1081700,-56%,86100,-74%,61500,-79%,21801,-30.9%,825412,-11.9%
9/8/2020,1559312,-73.6%,1032900,-57%,90600,-72%,63300,-78%,19806,-36.2%,833996,-10.1%
9/7/2020,872174,-60.9%,650300,-31%,80000,-76%,40300,-86%,9261,-3.0%,697865,-24.0%
9/6/2020,819600,-67.4%,580400,-47%,44700,-55%,45400,-57%,10160,-46.3%,753036,-16.2%
9/5/2020,1013746,-68.5%,740100,-48%,50500,-57%,64700,-58%,12118,-28.5%,798823,-14.5%
9/4/2020,1571533,-72.1%,1034500,-52%,88300,-73%,64200,-78%,20223,-29.6%,936602,-3.6%
9/3/2020,1532512,-73.4%,1030700,-55%,82600,-75%,58000,-80%,19992,-34.0%,869126,-9.1%
9/2/2020,1491161,-72.9%,994000,-54%,77600,-76%,53000,-82%,19990,-34.4%,810144,-13.6%
9/1/2020,1472491,-72.3%,996600,-53%,76500,-77%,53100,-82%,18929,-33.9%,809685,-14.9%
8/31/2020,1400448,-73.6%,987400,-54%,78100,-75%,52700,-81%,18185,-36.5%,817544,10.3%
8/30/2020,748886,-70.0%,822300,-24%,45100,-57%,41600,-60%,9752,-47.9%,805096,-10.2%
8/29/2020,774465,-73.4%,892800,-33%,37600,-72%,41300,-73%,9814,-40.0%,645956,-31.4%
8/28/2020,1391299,-71.7%,1333400,-33%,76100,-76%,53100,-81%,18845,-29.5%,899892,-13.0%
8/27/2020,1361128,-74.2%,1274100,-39%,73100,-77%,48800,-82%,19271,-31.1%,847285,-17.0%
8/26/2020,1410651,-72.9%,1361400,-33%,76600,-76%,50800,-81%,20659,-28.8%,859625,-9.0%
8/25/2020,1349335,-74.1%,1273400,-38%,73300,-77%,49700,-82%,18682,-33.7%,821597,-12.7%
8/24/2020,1310101,-73.1%,1270700,-34%,75100,-76%,50100,-82%,17643,-30.5%,815665,-11.9%
8/23/2020,672193,-71.2%,783200,-29%,37900,-64%,35300,-66%,8297,-53.2%,737097,-20.6%
8/22/2020,883393,-69.6%,998700,-27%,49100,-63%,51600,-66%,11456,-30.7%,812308,-17.5%
8/21/2020,1390232,-71.5%,1335800,-30%,76100,-76%,53000,-81%,19035,-29.7%,909773,-10.1%
8/20/2020,1413449,-72.3%,1352700,-32%,75600,-76%,50900,-81%,19344,-31.7%,889782,-10.7%
8/19/2020,1294931,-74.5%,1212800,-39%,70100,-78%,47700,-83%,19915,-31.7%,816805,-14.2%
8/18/2020,1372568,-73.1%,1307400,-35%,74200,-76%,47900,-82%,19274,-31.9%,838008,-12.0%
8/17/2020,1307543,-72.9%,1275000,-34%,74500,-76%,49400,-82%,17377,-33.1%,806108,-14.3%
8/16/2020,554980,-75.6%,622000,-43%,29900,-71%,28500,-73%,7902,-55.9%,620686,-31.9%
8/15/2020,861763,-69.9%,1001000,-28%,46800,-65%,51400,-66%,11487,-30.8%,804346,-15.1%
8/14/2020,1358798,-72.9%,1321800,-33%,72900,-77%,50700,-81%,18113,-33.1%,893657,-11.4%
8/13/2020,1294248,-75.7%,1198800,-42%,69200,-78%,46500,-83%,18608,-35.4%,819019,-17.9%
8/12/2020,1302087,-75.2%,1227500,-39%,68300,-78%,46800,-83%,19346,-35.5%,800865,-15.4%
8/11/2020,1322978,-74.3%,1256400,-36%,72400,-77%,46700,-83%,18546,-34.2%,821976,-9.3%
8/10/2020,1278263,-74.6%,1243700,-37%,73500,-76%,46800,-83%,18178,-30.6%,826001,-12.7%
8/9/2020,663642,-73.2%,766700,-30%,37600,-64%,32200,-69%,8287,-53.5%,744618,-18.6%
8/8/2020,834093,-72.4%,962000,-30%,41700,-69%,43600,-71%,10613,-37.6%,730739,-25.3%
8/7/2020,1286635,-75.1%,1256300,-38%,66000,-79%,42400,-84%,17502,-36.1%,844097,-17.5%
8/6/2020,1337819,-75.4%,1241800,-41%,66700,-79%,38800,-86%,19117,-34.2%,847497,-15.3%
8/5/2020,1351026,-74.3%,1305000,-34%,58000,-81%,36900,-86%,18299,-37.7%,847330,-7.5%
8/4/2020,1028686,-80.8%,968100,-54%,36800,-88%,31100,-89%,14924,-48.8%,577415,-38.2%
8/3/2020,1275951,-75.2%,1268300,-38%,70800,-77%,45900,-83%,17594,-34.4%,818732,-13.0%
8/2/2020,590675,-75.9%,707000,-38%,30500,-71%,28100,-73%,7431,-59.8%,648735,-29.9%
8/1/2020,843372,-72.0%,969300,-31%,44400,-67%,48700,-68%,10685,-35.9%,799745,-14.8%
7/31/2020,1260968,-75.9%,1220700,-40%,67600,-79%,50900,-82%,17654,-35.5%,859774,-15.7%
7/30/2020,1272918,-76.7%,1224100,-43%,69000,-78%,48600,-83%,17333,-40.1%,820275,-18.8%
7/29/2020,1298880,-75.8%,1273100,-38%,70000,-78%,48500,-83%,18216,-38.2%,816959,-13.5%
7/28/2020,1244405,-77.0%,1210600,-43%,66700,-79%,45800,-84%,16892,-41.7%,782226,-17.5%
7/27/2020,1206129,-76.6%,1185000,-43%,70100,-78%,45700,-84%,16607,-37.1%,793225,-15.9%
7/26/2020,607452,-75.1%,721100,-36%,36200,-65%,32300,-70%,7429,-59.0%,697533,-26.7%
7/25/2020,817403,-73.2%,967300,-31%,43300,-66%,47600,-69%,10350,-38.7%,769898,-21.8%
7/24/2020,1220649,-77.0%,1134300,-44%,65900,-79%,49000,-83%,17311,-37.3%,826030,-20.4%
7/23/2020,1236427,-77.8%,1180200,-45%,65600,-79%,47000,-83%,17056,-41.9%,791577,-21.9%
7/22/2020,1236384,-77.9%,1189100,-46%,65300,-79%,46700,-83%,17582,-42.1%,784013,-19.9%
7/21/2020,1244544,-76.4%,1204300,-41%,67600,-79%,48000,-83%,16831,-42.1%,792955,-13.3%
7/20/2020,1159163,-77.1%,1130400,-43%,67700,-79%,46800,-83%,15957,-39.4%,770607,-15.6%
7/19/2020,585498,-73.1%,692800,-33%,36400,-65%,29900,-72%,7052,-54.4%,696110,-20.3%
7/18/2020,779722,-70.5%,913700,-28%,41200,-68%,45500,-71%,9785,-34.8%,747445,-19.2%
7/17/2020,1209692,-76.8%,1176200,-43%,64800,-80%,47400,-83%,16401,-39.2%,819471,-20.3%
7/16/2020,1251884,-76.9%,1211800,-41%,66700,-79%,47400,-83%,17230,-40.5%,819850,-16.2%
7/15/2020,1251164,-77.2%,1229000,-42%,66500,-79%,46900,-83%,18149,-40.5%,803399,-15.2%
7/14/2020,1243749,-77.6%,1211300,-44%,66300,-79%,46200,-84%,17081,-43.1%,794838,-16.9%
7/13/2020,1178204,-77.8%,1144100,-45%,66400,-79%,46200,-84%,15928,-41.0%,756123,-20.4%
7/12/2020,628918,-74.2%,727700,-36%,34900,-67%,31800,-70%,7395,-58.9%,703590,-25.9%
7/11/2020,693789,-77.1%,852600,-41%,30100,-76%,35300,-77%,8453,-50.7%,625288,-37.1%
7/10/2020,1032749,-80.9%,926800,-55%,55900,-82%,39700,-86%,15738,-43.4%,712635,-30.0%
7/9/2020,1213851,-77.9%,1195700,-43%,65500,-79%,45500,-84%,17017,-42.6%,818034,-15.7%
7/8/2020,1174733,-78.9%,1114900,-49%,63000,-80%,43400,-85%,16980,-43.5%,758208,-20.9%
7/7/2020,1159588,-78.8%,1118800,-48%,61800,-80%,44100,-84%,16003,-46.3%,749833,-21.0%
7/6/2020,1087178,-78.8%,1030200,-50%,63900,-80%,44300,-84%,14886,-45.0%,750584,-18.8%
7/5/2020,534220,-76.9%,658700,-40%,34600,-67%,30600,-71%,6280,-65.3%,659099,-24.8%
7/4/2020,592295,-77.2%,754900,-41%,38400,-70%,41800,-73%,8391,-42.1%,569212,-28.3%
7/3/2020,853015,-68.7%,968200,-13%,56200,-82%,42900,-85%,10915,-16.2%,713240,-16.6%
7/2/2020,1172848,-77.6%,1178500,-43%,64300,-80%,45500,-84%,15981,-46.6%,881471,14.6%
7/1/2020,1122842,-78.5%,1102200,-47%,56500,-82%,40000,-86%,16451,-45.0%,779409,-22.8%
6/30/2020,1115510,-79.1%,1082000,-48%,58000,-83%,40900,-86%,15291,-48.2%,758785,-19.9%
6/29/2020,1103086,-78.8%,1087500,-47%,63300,-81%,42600,-86%,14705,-44.8%,767165,-19.9%
6/28/2020,536488,-82.3%,641800,-42%,25700,-74%,26200,-76%,5748,-66.3%,623131,-33.2%
6/27/2020,616084,-80.7%,753900,-43%,26800,-78%,34800,-78%,8541,-46.9%,630731,-34.8%
6/26/2020,1104497,-79.8%,1130100,-43%,55600,-83%,41500,-86%,15048,-46.0%,830887,-20.5%
6/25/2020,1081006,-80.9%,1088500,-48%,53400,-84%,38200,-87%,14854,-49.8%,781618,-25.2%
6/24/2020,1070527,-81.5%,1099900,-51%,52400,-84%,38000,-87%,15155,-50.7%,752750,-25.9%
6/23/2020,1053005,-81.0%,1086200,-48%,52900,-84%,37600,-87%,15069,-49.5%,744822,-22.1%
6/22/2020,1002073,-81.5%,1016200,-52%,53900,-84%,38400,-87%,13314,-51.0%,733291,-25.2%
6/21/2020,449497,-82.9%,592400,-47%,27100,-72%,27600,-75%,6328,-66.2%,654914,-32.4%
6/20/2020,576097,-82.6%,768500,-45%,29000,-76%,36000,-77%,8185,-53.0%,666226,-33.6%
6/19/2020,988680,-82.2%,1035300,-45%,50200,-85%,38800,-87%,13868,-51.4%,797519,-22.3%
6/18/2020,944318,-83.4%,977700,-52%,47900,-86%,35800,-88%,13808,-53.9%,729487,-27.0%
6/17/2020,950318,-83.4%,977200,-55%,47200,-86%,36300,-88%,14595,-53.2%,709680,-26.8%
6/16/2020,934545,-83.3%,961000,-54%,46900,-86%,34100,-88%,12939,-57.1%,695359,-25.3%
6/15/2020,898925,-83.5%,940900,-57%,47500,-86%,34500,-88%,12953,-52.5%,674785,-29.0%
6/14/2020,430446,-81.5%,571200,-45%,20900,-79%,22700,-79%,5195,-72.1%,563725,-39.5%
6/13/2020,545333,-83.0%,706800,-50%,25400,-79%,32400,-80%,7794,-56.6%,631065,-37.5%
6/12/2020,898314,-84.3%,966300,-57%,45100,-86%,33700,-89%,13224,-54.2%,765492,-26.5%
6/11/2020,819873,-85.6%,830100,-62%,41000,-88%,29100,-90%,12514,-57.6%,656696,-32.4%
6/10/2020,858782,-85.4%,914700,-61%,43100,-87%,30800,-90%,13616,-57.5%,680270,-30.6%
6/9/2020,843968,-85.3%,916900,-59%,42300,-87%,29500,-90%,12869,-56.2%,680462,-29.1%
6/8/2020,806138,-84.7%,863400,-58%,42600,-87%,30500,-90%,11957,-54.1%,644830,-26.5%
6/7/2020,378085,-85.4%,531900,-51%,16800,-83%,18500,-83%,4650,-74.1%,538419,-39.6%
6/6/2020,464207,-85.8%,648000,-54%,18100,-85%,23600,-85%,6591,-63.1%,551793,-43.0%
6/5/2020,704825,-87.6%,772900,-65%,33500,-90%,25200,-91%,11698,-59.5%,643562,-37.6%
6/4/2020,728018,-87.3%,797700,-63%,29800,-91%,25500,-91%,12000,-59.8%,650868,-35.2%
6/3/2020,683037,-88.1%,741200,-68%,32500,-90%,23500,-92%,11962,-61.3%,582624,-39.7%
6/2/2020,695276,-87.4%,724400,-66%,33800,-90%,24600,-92%,11206,-62.2%,579412,-39.1%
6/1/2020,688520,-87.6%,764300,-66%,34300,-90%,24500,-92%,10760,-62.2%,595060,-37.8%
5/31/2020,344428,-86.4%,468300,-57%,13600,-86%,14700,-86%,4216,-76.7%,495488,-44.7%
5/30/2020,426755,-86.5%,622000,-56%,15600,-87%,20300,-87%,6143,-64.6%,537180,-44.4%
5/29/2020,658353,-88.6%,720800,-67%,25100,-92%,21200,-93%,10185,-63.5%,598608,-43.0%
5/28/2020,659248,-88.5%,710800,-68%,25200,-92%,20400,-93%,10030,-65.0%,584629,-40.1%
5/27/2020,675705,-88.1%,719200,-67%,26500,-92%,21000,-93%,11088,-62.3%,601140,-36.6%
5/26/2020,657939,-87.9%,709000,-67%,26700,-92%,21800,-92%,9875,-65.1%,587270,-36.6%
5/25/2020,394359,-84.9%,531600,-54%,19300,-94%,19000,-93%,5428,-49.7%,445015,-43.5%
5/24/2020,320376,-87.4%,461200,-57%,11900,-88%,14100,-86%,4117,-77.7%,461171,-47.4%
5/23/2020,336250,-88.8%,460700,-65%,11000,-91%,14000,-91%,5550,-65.0%,394091,-56.4%
5/22/2020,634929,-88.3%,690200,-69%,22800,-93%,19900,-93%,9782,-64.8%,626984,-40.4%
5/21/2020,630367,-88.9%,655300,-70%,22600,-93%,19200,-93%,9731,-67.3%,585553,-42.2%
5/20/2020,624793,-89.4%,654800,-72%,22200,-93%,18500,-94%,10224,-67.3%,542409,-45.3%
5/19/2020,611951,-89.6%,643600,-72%,21600,-93%,18700,-93%,9290,-69.1%,524483,-45.9%
5/18/2020,596505,-89.3%,624200,-72%,22100,-93%,19200,-93%,8969,-67.5%,505315,-47.7%
5/17/2020,287755,-89.0%,413500,-63%,8800,-91%,3300,-97%,3577,-80.9%,391606,-58.7%
5/16/2020,361329,-89.4%,530600,-63%,11100,-91%,18400,-88%,5947,-66.3%,477098,-52.1%
5/15/2020,588784,-89.7%,671500,-70%,20100,-94%,45300,-84%,9473,-66.9%,562991,-46.6%
5/14/2020,568315,-90.4%,616000,-74%,19300,-94%,16400,-94%,8855,-70.6%,520395,-49.0%
5/13/2020,566333,-90.4%,611300,-74%,19400,-94%,17200,-94%,9437,-70.5%,509243,-47.9%
5/12/2020,554286,-90.4%,594900,-74%,19000,-94%,16700,-94%,8271,-72.1%,488406,-47.9%
5/11/2020,521702,-90.4%,553300,-74%,18300,-94%,16700,-94%,7636,-71.0%,458042,-49.4%
5/10/2020,272353,-86.9%,386000,-54%,8000,-92%,9200,-91%,3962,-79.8%,415868,-51.2%
5/9/2020,317372,-90.1%,462400,-68%,7700,-94%,11100,-93%,5055,-72.2%,371426,-62.6%
5/8/2020,526865,-90.7%,573700,-75%,15700,-95%,15200,-95%,8656,-69.6%,483831,-52.6%
5/7/2020,536003,-90.9%,605600,-74%,16100,-95%,16200,-94%,8509,-72.4%,488836,-50.5%
5/6/2020,509646,-91.3%,538800,-78%,14500,-95%,14700,-95%,8832,-72.3%,444179,-53.8%
5/5/2020,522979,-91.0%,583400,-75%,13300,-96%,15500,-95%,8445,-72.7%,462086,-50.6%
5/4/2020,512763,-90.9%,578300,-75%,11200,-97%,15800,-94%,8287,-70.7%,447424,-51.8%
5/3/2020,259199,-88.9%,375900,-55%,3300,-97%,7600,-93%,3263,-81.4%,353314,-55.7%
5/2/2020,326354,-89.9%,478600,-66%,4000,-97%,10900,-93%,5493,-68.8%,401938,-57.0%
5/1/2020,495312,-91.4%,555300,-75%,6200,-98%,12400,-96%,8332,-71.0%,445621,-55.9%
4/30/2020,466633,-92.1%,488800,-79%,9300,-97%,14400,-95%,7253,-75.5%,405169,-58.8%
4/29/2020,478589,-91.8%,519600,-78%,9100,-97%,14800,-95%,7844,-74.5%,410502,-56.9%
4/28/2020,490073,-91.5%,555600,-76%,9200,-97%,15400,-95%,7542,-74.5%,436347,-53.0%
4/27/2020,463700,-91.7%,518400,-77%,8800,-97%,15000,-95%,6922,-74.6%,384124,-57.6%
4/26/2020,219096,-90.9%,293500,-70%,1900,-98%,5400,-95%,2506,-85.7%,231541,-72.4%
4/25/2020,295836,-90.9%,430800,-68%,2900,-97%,9100,-94%,4719,-71.2%,350300,-62.0%
4/24/2020,444644,-91.2%,475400,-73%,7800,-97%,13200,-95%,7040,-72.3%,386935,-57.1%
4/23/2020,454300,-91.7%,487300,-75%,8400,-97%,13800,-95%,6969,-75.1%,386938,-58.9%
4/22/2020,459574,-91.5%,518900,-74%,8700,-97%,14100,-95%,7496,-74.4%,398703,-57.7%
4/21/2020,422860,-92.2%,450900,-78%,8300,-97%,13700,-95%,6613,-76.1%,356099,-61.8%
4/20/2020,438622,-91.1%,498700,-73%,8900,-97%,14800,-95%,7050,-70.5%,371776,-59.6%
4/19/2020,224751,-90.4%,318100,-68%,2200,-98%,6000,-94%,2742,-85.8%,276406,-68.6%
4/18/2020,254792,-91.0%,352000,-71%,2400,-98%,7200,-95%,4202,-71.6%,254735,-69.8%
4/17/2020,433106,-90.9%,470300,-73%,8300,-97%,13500,-95%,7048,-71.2%,378350,-60.8%
4/16/2020,421013,-92.9%,447000,-80%,8500,-97%,13800,-95%,6563,-77.8%,346342,-65.4%
4/15/2020,419851,-93.0%,454100,-81%,8600,-97%,13800,-95%,6928,-78.0%,340213,-64.9%
4/14/2020,430946,-92.7%,470900,-80%,8800,-97%,14100,-95%,6585,-78.1%,356104,-62.4%
4/13/2020,363961,-93.5%,347800,-84%,8200,-97%,13000,-95%,6205,-77.8%,284609,-68.7%
4/12/2020,198693,-92.0%,279100,-72%,2200,-98%,5100,-95%,2525,-86.4%,217871,-74.4%
4/11/2020,257467,-92.2%,378200,-73%,2700,-98%,7600,-95%,4235,-76.0%,254755,-73.1%
4/10/2020,400947,-93.0%,414100,-81%,8200,-97%,13000,-95%,5378,-81.5%,314100,-68.6%
4/9/2020,405325,-93.0%,401900,-83%,8400,-97%,12900,-96%,6243,-80.1%,303481,-68.8%
4/8/2020,428206,-92.7%,431700,-82%,9000,-97%,13500,-95%,6950,-78.3%,324882,-65.8%
4/7/2020,435718,-92.4%,441000,-81%,9300,-97%,14100,-95%,7041,-76.7%,335470,-63.3%
4/6/2020,446273,-92.0%,454900,-80%,10100,-97%,14400,-95%,7093,-75.0%,335769,-63.1%
4/5/2020,227603,-90.9%,299600,-70%,3000,-97%,5600,-95%,2763,-85.6%,209152,-76.6%
4/4/2020,282703,-91.4%,383400,-73%,3700,-97%,8100,-95%,4375,-75.5%,243323,-74.0%
4/3/2020,484200,-91.5%,483800,-78%,9700,-97%,13200,-95%,7794,-72.7%,340273,-65.1%
4/2/2020,486468,-91.8%,472700,-80%,10100,-97%,13700,-95%,7077,-77.5%,339734,-65.2%
4/1/2020,514201,-91.3%,495400,-79%,10500,-97%,13600,-95%,8151,-74.8%,342222,-63.3%
3/31/2020,509149,-91.2%,514300,-78%,,,,,7672,-74.3%,337626,-62.7%
3/30/2020,546355,-90.2%,563900,-75%,,,,,8084,-71.7%,344690,-61.6%
3/29/2020,264119,-88.3%,306800,-69%,,,,,3374,-80.6%,197154,-75.8%
3/28/2020,332993,-89.8%,403700,-71%,,,,,4491,-74.0%,240702,-74.1%
3/27/2020,658312,-88.2%,641800,-71%,,,,,8409,-70.6%,396778,-59.8%
3/26/2020,681923,-88.2%,646100,-72%,,,,,8795,-71.2%,390117,-59.7%
3/25/2020,691604,-87.9%,618000,-73%,,,,,9512,-69.8%,375767,-59.4%
3/24/2020,743314,-86.9%,657800,-72%,,,,,9133,-69.9%,395493,-56.3%
3/23/2020,711138,-86.9%,578200,-74%,,,,,9902,-65.2%,361514,-59.3%
3/22/2020,409364,-83.1%,378900,-65%,,,,,4824,-73.9%,277051,-68.2%
3/21/2020,620662,-79.5%,564900,-57%,,,,,6467,-60.8%,382993,-56.7%
3/20/2020,1312249,-76.1%,868600,-59%,,,,,12744,-54.7%,563262,-41.6%
3/19/2020,1425564,-74.4%,933600,-57%,,,,,14116,-51.7%,569696,-38.0%
3/18/2020,1629413,-71.4%,1059500,-55%,,,,,15942,-50.0%,634853,-31.2%
3/17/2020,1793359,-68.2%,1094900,-53%,,,,,18173,-40.6%,650445,-28.4%
3/16/2020,2184296,-59.5%,1237300,-45%,,,,,21145,-24.4%,708870,-20.6%
3/15/2020,1159079,-52.4%,711600,-31%,,,,,12480,-31.7%,535988,-36.4%
3/14/2020,1672800,-47.5%,993300,-27%,,,,,13394,-20.9%,631101,-30.2%
3/13/2020,3496765,-38.0%,1715700,-23%,,,,,26640,-8.2%,860419,-13.8%
3/12/2020,4163674,-28.4%,1938400,-18%,,,,,30814,-1.5%,881188,-8.7%
3/11/2020,4712462,-18.5%,2113000,-10%,,,,,32198,0.6%,866706,-6.7%
3/10/2020,4883623,-15.1%,2112000,-9%,,,,,31315,2.1%,855585,-5.8%
3/9/2020,4989635,-10.4%,2124800,-7%,,,,,29609,2.7%,860073,-4.7%
3/8/2020,2122328,0.4%,957200,7%,,,,,19477,13.4%,765084,-0.6%
3/7/2020,2817082,-9.6%,1249100,-9%,,,,,18117,3.7%,827908,-7.6%
3/6/2020,5204732,-8.4%,2066700,-7%,,,,,30970,6.7%,945408,-4.0%
3/5/2020,5513656,-4.4%,2244500,-1%,,,,,33209,7.1%,929298,-0.9%
3/4/2020,5515945,-3.2%,2177200,-3%,,,,,34297,8.7%,905558,-0.1%
3/3/2020,5498556,-3.9%,2228600,-3%,,,,,32767,6.9%,882175,-1.7%
3/2/2020,5347055,23.9%,2209100,40%,,,,,30338,28.2%,874620,27.5%
3/1/2020,2214601,-1.3%,984900,1%,,,,,19922,18.8%,786961,7.8%
